area,country
Accra,Ghana
Ahmedabad,India
Ashaiman,Ghana
Bangkok,Thailand
Beijing,China
Bengaluru,India
Buri Ram Province,Thailand
Caloocan,Phillipines
Cavite Province,Phillipines
Chandigarh,India
Chennai,India
Chongqing,China
Dali,China
Delhi,India
Dhaka,Bangladesh
Faisalabad,Pakistan
Fengjing Town,China
Guangdong Province,China
Guangzhou,China
Gujarat State,India
Hai Phong City,Vietnam
Hanoi,Vietnam
Hebron,Israel
Hong Kong,China
Hunan Province,China
Hung Yen Province,Vietnam
Hyderabad,India
Ibadan,Nigeria
Islamabad,Pakistan
Jakarta,Indonesia
Jinghai District,China
Kalasin Province,Thailand
Kamoke,Pakistan
Karachi,Pakistan
Karnataka State,India
Kolkata,India
Kumasi,Ghana
Lagos State,Nigeria
Lahore,Pakistan
Longtangzhen,China
Luqiao District,China
Maharashtra State,India
Metro Manila,Phillipines
Montevideo,Uruguay
Moradabad,India
Mumbai,India
Nakhon Si Thammarat Province,Thailand
Ningbo,China
Ogun State,Nigeria
Ojo,Nigeria
Peshawar,Pakistan
Phatthalung Province,Thailand
Punjab Province,India
Qingyuan,China
Rawalpindi,Pakistan
Seelampur,India
Shangdong Province,China
Shanghai,China
Shantou,China
Shijiaozhen,China
Soi Suea Yai Uthit,Thailand
Songkhla Province,Thailand
Suzhou,China
Taizhou,China
Tianjin,China
Trang Province,Thailand
Wenling,China
Wenzhou,China
Wujin District,China
Zhejiang Province,China
Ziyazhen,China
Nairobi,Kenya
Taiwan,China
Aba,Nigeria
Agbogbloshie,Ghana
Bhalswa,India
Bui Dau,Vietnam
Dong Mai Craft Village,Vietnam
Dongxiaokouzhen,China
Guiyu,China
Idhna,Palestine
Ikeja,Nigeria
Liushi,China
Mandoli,India
Manila,Philippines
Mayapuri,India
Mukeng Village,China
Mustafabad,India
Nayanda Halli,India
Pantang West,Ghana
Shadahra,Pakistan
Shershah Colony,Parkistan
Trang Minh Village,Vietnam
Turkman Gate,India
Xinqiao,China
